{"JANEIRO":[{"dia":"14","evento":"Terreira Ogum de Mallê","dia_semana":"Sábado, 18:00h"},{"dia":"28","evento":"Terreira Ogum de Mallê","dia_semana":"Sábado, 18:00h"}],"FEVEREIRO":[{"dia":"01","evento":"Terreira Iemanjá","dia_semana":"Quarta-feira, 18:00h"}],"MARÇO":[{"dia":"11","evento":"Terreira Ogum de Mallê","dia_semana":"Sábado, 18:00h"},{"dia":"25","evento":"Batuque","dia_semana":"Sábado, 23:00h"}],"ABRIL":[{"dia":"08","evento":"Terreira Ogum de Mallê","dia_semana":"Sábado, 18:00h"},{"dia":"15","evento":"Romper aleluia","dia_semana":"Sábado, 06:00h"},{"dia":"22","evento":"Terreira Ogum de Mallê","dia_semana":"Sábado, 18:00h"},{"dia":"23","evento":"Dia de Ogum","dia_semana":"Domingo"}],"MAIO":[{"dia":"06","evento":"Terreira Ogum de Mallê","dia_semana":"Sábado, 18:00h"},{"dia":"13","evento":"Dia de preto-velho na Umbanda","dia_semana":"Sábado"},{"dia":"20","evento":"Terreira Preto Velho","dia_semana":"Sábado, 18:00h"}],"JUNHO":[{"dia":"03","evento":"Terreira Ogum de Mallê","dia_semana":"Sábado, 18:00h"},{"dia":"17","evento":"Terreira Ogum de Mallê","dia_semana":"Sábado, 18:00h"}],"JULHO":[{"dia":"01","evento":"Terreira Ogum de Mallê","dia_semana":"Sábado, 18:00h"},{"dia":"15","evento":"Terreira Ogum de Mallê","dia_semana":"Sábado, 18:00h"},{"dia":"29","evento":"Terreira Ogum de Mallê","dia_semana":"Sábado, 18:00h"}],"AGOSTO":[{"dia":"11","evento":"Terreira Ogum de Mallê","dia_semana":"Sexta-feira, 20:00h"},{"dia":"25","evento":"Terreira Ogum de Mallê","dia_semana":"Sexta-feira, 20:00h"}],"SETEMBRO":[{"dia":"16","evento":"Terreira Ogum de Mallê","dia_semana":"Sábado, 18:00h"},{"dia":"30","evento":"Terreira Ogum de Mallê","dia_semana":"Sábado, 18:00h"}],"OUTUBRO":[{"dia":"07","evento":"Batuque Mãe Inhansã","dia_semana":"Sábado, 18:00h"},{"dia":"14","evento":"Terreira Ogum de Mallê","dia_semana":"Sábado, 18:00h"},{"dia":"28","evento":"Terreira Ogum de Mallê","dia_semana":"Sábado, 18:00h"}],"NOVEMBRO":[{"dia":"11","evento":"Terreira Ogum de Mallê","dia_semana":"Sábado, 18:00h"},{"dia":"15","evento":"Dia da Umbanda","dia_semana":"Quarta-feira"},{"dia":"25","evento":"Terreira Ogum de Mallê","dia_semana":"Sábado, 18:00h"}],"DEZEMBRO":[{"dia":"09","evento":"Batuque","dia_semana":"Sábado, 18:00h"},{"dia":"20","evento":"Limpeza de fim de Ano","dia_semana":"Quarta-feira"},{"dia":"21","evento":"Limpeza de fim de Ano","dia_semana":"Quinta-feira"},{"dia":"22","evento":"Limpeza de fim de Ano","dia_semana":"Sexta-feira"}]}